{"cameraMode":{"drawMode":0,"name":"Shaded","section":"Shading Mode"},"sceneLighting":false,"audioPlay":false,"sceneViewState":{"m_AlwaysRefresh":false,"showFog":false,"showSkybox":false,"showFlares":false,"showImageEffects":false,"showParticleSystems":false,"showVisualEffectGraphs":true,"m_FxEnabled":true},"in2DMode":false,"pivot":{"x":-0.5202350616455078,"y":-0.21469742059707642,"z":1.5717540979385377},"rotation":{"x":0.28540942072868349,"y":-0.19197608530521394,"z":0.05790485814213753,"w":0.9371987581253052},"size":3.024012565612793,"orthographic":false}