{"cameraMode":{"drawMode":0,"name":"Shaded","section":"Shading Mode"},"sceneLighting":false,"audioPlay":false,"sceneViewState":{"m_AlwaysRefresh":false,"showFog":false,"showSkybox":false,"showFlares":false,"showImageEffects":false,"showParticleSystems":false,"showVisualEffectGraphs":true,"m_FxEnabled":true},"in2DMode":false,"pivot":{"x":-0.6633027791976929,"y":0.4510652422904968,"z":-1.3336914777755738},"rotation":{"x":0.048469625413417819,"y":-0.950093150138855,"z":0.24310466647148133,"w":0.18942657113075257},"size":1.3558216094970704,"orthographic":false}