{"cameraMode":{"drawMode":0,"name":"Shaded","section":"Shading Mode"},"sceneLighting":false,"audioPlay":false,"sceneViewState":{"m_AlwaysRefresh":false,"showFog":false,"showSkybox":false,"showFlares":false,"showImageEffects":false,"showParticleSystems":false,"showVisualEffectGraphs":true,"m_FxEnabled":true},"in2DMode":false,"pivot":{"x":0.16775467991828919,"y":0.14638695120811463,"z":-0.19736932218074799},"rotation":{"x":0.029332317411899568,"y":-0.9627857208251953,"z":0.2420589178800583,"w":0.11668490618467331},"size":0.2712059020996094,"orthographic":false}