{"cameraMode":{"drawMode":0,"name":"Shaded","section":"Shading Mode"},"sceneLighting":false,"audioPlay":false,"sceneViewState":{"m_AlwaysRefresh":false,"showFog":false,"showSkybox":false,"showFlares":false,"showImageEffects":false,"showParticleSystems":false,"showVisualEffectGraphs":true,"m_FxEnabled":true},"in2DMode":false,"pivot":{"x":0.07305985689163208,"y":5.8440351486206059,"z":2.3609089851379396},"rotation":{"x":0.1908220648765564,"y":0.0029451327864080669,"z":-0.0005722003988921642,"w":0.9816218018531799},"size":7.244753360748291,"orthographic":false}